{
  "project_info": {
    "project_number": "172227566777",
    "firebase_url": "https://sdsastrokeapp.firebaseio.com",
    "project_id": "sdsastrokeapp",
    "storage_bucket": "sdsastrokeapp.appspot.com"
  },
  "client": [
    {
      "client_info": {
        "mobilesdk_app_id": "1:172227566777:android:d6d29d24d1db1c59",
        "android_client_info": {
          "package_name": "com.ntu.groupf.sdsastrokeapp"
        }
      },
      "oauth_client": [
        {
          "client_id": "172227566777-cmlia8sbqfg7n47t2ag74grrntu8ks0t.apps.googleusercontent.com",
          "client_type": 1,
          "android_info": {
            "package_name": "com.ntu.groupf.sdsastrokeapp",
            "certificate_hash": "81a8afdd6a1f362709f59a8e1ab7f2f944fc6275"
          }
        },
        {
          "client_id": "172227566777-d2qv0sb88fudgsjk46r69nehoop0blo3.apps.googleusercontent.com",
          "client_type": 3
        }
      ],
      "api_key": [
        {
          "current_key": "AIzaSyBvs40qZJhM3yGv_YMqDQ0Pn17DX_lw_oc"
        }
      ],
      "services": {
        "analytics_service": {
          "status": 1
        },
        "appinvite_service": {
          "status": 2,
          "other_platform_oauth_client": [
            {
              "client_id": "172227566777-d2qv0sb88fudgsjk46r69nehoop0blo3.apps.googleusercontent.com",
              "client_type": 3
            }
          ]
        },
        "ads_service": {
          "status": 2
        }
      }
    }
  ],
  "configuration_version": "1"
}